"Txhash","Blockno","UnixTimestamp","DateTime","From","To","ContractAddress","Value_IN(ETH)","Value_OUT(ETH)","CurrentValue @ $3494.24369130285/ETH","TxnFee(ETH)","TxnFee(USD)","Historical $Price/ETH","Status","ErrCode","Method"
"0xe135fbcfa3262a6270992c6862a23d6bbb86f78ca08090db0d67f9e848a17f30","12357960","1711505267","2024-03-27 02:07:47","0xc6aa2f0ff6b8563ea418ec2558890d6027413699","","0x01cb9c83aec45b7cf6dd5ae6fe0ceb614bbdce70","0","0","0","0.000872505364831937","3.04874636669189","3499.77","","","0x60e06040",""
"0xe85e4cc875685bd8e2ce49c184a46c27bf5d8a05e4d925e41ed6121a89ddbfd2","12414454","1711618255","2024-03-28 09:30:55","0xac1ca131c0ba15d189aae5769f6beac98f9f832b","0x01cb9c83aec45b7cf6dd5ae6fe0ceb614bbdce70","","0","0","0","0.000009172694664079","0.0320516304622054","3561.10","","","Approve",""
"0x1506ecde73433a1261ade2b8ce7fbc7ce06311d564a9b7aae57f5725239286b8","12426337","1711642021","2024-03-28 16:07:01","0xce1b83f7572ec5341bd26b38c2a7146e7778571b","0x01cb9c83aec45b7cf6dd5ae6fe0ceb614bbdce70","","0","0","0","0.000026009204749214","0.0908824996107451","3561.10","","","Approve",""
"0x23cbf443f56b10c3f1e2ebc205135391c5df55526d731f64b0691c87fa7fb602","12429350","1711648047","2024-03-28 17:47:27","0x57e59c22d8d4769abe4e8c32b08d818d4dac657c","0x01cb9c83aec45b7cf6dd5ae6fe0ceb614bbdce70","","0","0","0","0.000020012353693117","0.0699280406402954","3561.10","","","Approve",""
"0xeec6c902a330f1520d29d6a06366c055fb6026c7fba2c51f3c3e8ce8a6ac6c14","12447028","1711683403","2024-03-29 03:36:43","0x24ed47d23dabdebc744e38eb732c471795e2a3f8","0x01cb9c83aec45b7cf6dd5ae6fe0ceb614bbdce70","","2","0","6988.4873826057","0.000004502251321913","0.0157319632782544","","","","Transfer",""
"0x9b2dffef33fe7d12cd4b31c829023528fe8d176e321a6e318cec69bc0de6d7c9","12448397","1711686141","2024-03-29 04:22:21","0x2136fbed331f81836730e515aeccf9947b02b917","0x01cb9c83aec45b7cf6dd5ae6fe0ceb614bbdce70","","0","0","0","0.000006771824053595","0.0236624034778872","","","","Approve",""
"0x7e71e60495262ec64a6c9c7c8803d07d6f7a2d5219c6ab4170fbfb98b85cd801","12448397","1711686141","2024-03-29 04:22:21","0x702b58562a3cefab689a2ddc7702c1a05897ac37","0x01cb9c83aec45b7cf6dd5ae6fe0ceb614bbdce70","","0","0","0","0.000006771824053595","0.0236624034778872","","","","Approve",""
"0x2bdce88a94461dd8359669961bc628c8289a154a04866b7b1ed98af1e0143ab5","12448397","1711686141","2024-03-29 04:22:21","0x7721b99bf99a07539324df1869d7691cd29c3a60","0x01cb9c83aec45b7cf6dd5ae6fe0ceb614bbdce70","","0","0","0","0.0000067677431441","0.0236481437856295","","","","Approve",""
"0x418753c0b4171792c4aa7ee3d3b8f24188ae4f7ef859aa45a479efe2b25afbf0","12448397","1711686141","2024-03-29 04:22:21","0x2d0b161989a2ff15f82e4b86eb460601c5c3220a","0x01cb9c83aec45b7cf6dd5ae6fe0ceb614bbdce70","","0","0","0","0.000006771824053595","0.0236624034778872","","","","Approve",""
"0xc00cae6a0d1461f88d3988d3891e7a8d589281bd26e8e85c1e7bd2d957a3a901","12448397","1711686141","2024-03-29 04:22:21","0xa4ff50301f91ac75d8c849db59dc512680563045","0x01cb9c83aec45b7cf6dd5ae6fe0ceb614bbdce70","","0","0","0","0.0000067677431441","0.0236481437856295","","","","Approve",""
"0x7e63db637207774fef17cdb52b5442788f3d2247b857af79ec3bcdbdb02fefe1","12451330","1711692007","2024-03-29 06:00:07","0x8ccd7229b789bba77fc52d554f71dbf16dc90360","0x01cb9c83aec45b7cf6dd5ae6fe0ceb614bbdce70","","0","0","0","0.000006157587782773","0.0215161122635981","","","","Approve",""
"0xc8a994e22e0a86c358e81fc1aa1dcacda72c25435e0f905aca27ac74509ec6b0","12451880","1711693107","2024-03-29 06:18:27","0x5ddd42e77c585f8e676d7f62df2dda22a2068792","0x01cb9c83aec45b7cf6dd5ae6fe0ceb614bbdce70","","0","0","0","0.000005344994011756","0.0186767116056299","","","","Approve",""
"0x92da9606bcaa37315c142b1bc97f23ae59c7f7d01076c239f902ef35decf71a7","12453132","1711695611","2024-03-29 07:00:11","0x680a68fde2ccc5123c2436b6b13cae83e32a42f5","0x01cb9c83aec45b7cf6dd5ae6fe0ceb614bbdce70","","0","0","0","0.000005851670153098","0.0204471615160479","","","","Approve",""
"0x8bf23a31cf51379d05cb67c1abd6ce7f993f7cebaf9dcccef7e4115149b7ec22","12456062","1711701471","2024-03-29 08:37:51","0xc6aa2f0ff6b8563ea418ec2558890d6027413699","0x01cb9c83aec45b7cf6dd5ae6fe0ceb614bbdce70","","0","0","0","0.000003384861694485","0.0118275316218869","","","","Update Marketing Wallet",""
"0x4172a91f1729a589137f6ccd2292ac94de0a3fa615e62459f28aae506df025f6","12462026","1711713399","2024-03-29 11:56:39","0x29b6255b90eacd69650d7299aff341dc65b3cc88","0x01cb9c83aec45b7cf6dd5ae6fe0ceb614bbdce70","","0","0","0","0.000004104668443087","0.0143427118121466","","","","Approve",""
"0xc1ce599a3cdf6c43beb217afe028511a20aed629175b1228ae0ad192b2d86367","12463429","1711716205","2024-03-29 12:43:25","0x024ce942dbd70cf61d5475e15a0a0eac0c3a6274","0x01cb9c83aec45b7cf6dd5ae6fe0ceb614bbdce70","","0","0","0","0.00000826787675741","0.0288899762000494","","","","Approve",""
"0x67a0d59993a271f25ba45101180753c6937acae5e3d3756c00096a490521f80d","12465806","1711720959","2024-03-29 14:02:39","0xb1254d1c5b441eae0b3e3f0052c82efb05232b5f","0x01cb9c83aec45b7cf6dd5ae6fe0ceb614bbdce70","","0","0","0","0.000010604079729534","0.0370532386969966","","","","Approve",""
"0x5be140e1efbfd704fc8badb99f90c21844b6fb69938e828dbf6fa52bbfae090a","12466196","1711721739","2024-03-29 14:15:39","0x363d095d32b0da7d72b923733efec4f9ece12744","0x01cb9c83aec45b7cf6dd5ae6fe0ceb614bbdce70","","0","0","0","0.000011029165034944","0.0385385903436911","","","","Approve",""
"0x175c8b1defec202dff2f21cf9befefcabfd42c5b93ad0a67d326f390ba8dd851","12466943","1711723233","2024-03-29 14:40:33","0xeb05d665b0af229c27717a725984b213eff1ac7d","0x01cb9c83aec45b7cf6dd5ae6fe0ceb614bbdce70","","0","0","0","0.00000999718230075","0.0349325911852002","","","","Approve",""
"0x3fabe38bc95b1a8c4991e9e73039b366843d52896c9dceecd76efebca716e41f","12466949","1711723245","2024-03-29 14:40:45","0xeccd209059fa9eb8e4c64ca0bf5da4ec1e054c20","0x01cb9c83aec45b7cf6dd5ae6fe0ceb614bbdce70","","0","0","0","0.000014303976718065","0.0499815804076415","","","","Approve",""
"0xb5fa6a5228a177747e8c6b8785421ae4d834a19a9dd1ded557ad4a98e917c654","12467061","1711723469","2024-03-29 14:44:29","0x9aea3cad5d1c7afb4d6cdc1b554618d3a1bea3b2","0x01cb9c83aec45b7cf6dd5ae6fe0ceb614bbdce70","","0","0","0","0.000014146498916822","0.0494313145941279","","","","Approve",""
"0x012f9f8614861d58e8d641e62fe3b60fabc766abb667640627a4133faa007a3e","12467154","1711723655","2024-03-29 14:47:35","0xe760becbc3baaaa361fcd8eba9c4713d346eb183","0x01cb9c83aec45b7cf6dd5ae6fe0ceb614bbdce70","","0","0","0","0.000014564365713021","0.0508914430105512","","","","Approve",""
"0x8ca65c55533a45e703588049a4c72b9701793ee394b9dc1b27414aaf1f11ff2c","12467364","1711724075","2024-03-29 14:54:35","0x5841e254b4210c85754f97bb62e0410a3c14e6b1","0x01cb9c83aec45b7cf6dd5ae6fe0ceb614bbdce70","","0","0","0","0.000475995391455766","1.66324389368354","","","","Approve",""
"0x2d7885eeb11558ef0b8073df37017925b925c373246ab9c440830b41b904ac04","12467574","1711724495","2024-03-29 15:01:35","0x2b2477c4fe4e205faf1bf29f70f1b9d33dc7757c","0x01cb9c83aec45b7cf6dd5ae6fe0ceb614bbdce70","","0","0","0","0.000011407559644185","0.0398607933198544","","","","Approve",""
"0x22928318ae063a2ced8cb9cf001546da7cb13ca27eab256a0247c9226fed894c","12467597","1711724541","2024-03-29 15:02:21","0x21073735fe40390480783369e93b2aa7566710dc","0x01cb9c83aec45b7cf6dd5ae6fe0ceb614bbdce70","","0","0","0","0.00001167163843573","0.0407835489712174","","","","Approve",""
"0x7af2822f1d2b6ff7b79a13503b00e6175fb3b03f00f49e92914df37ab0133da2","12467623","1711724593","2024-03-29 15:03:13","0xcee40175716c1c2a3b999647e0752b7f8c60ca06","0x01cb9c83aec45b7cf6dd5ae6fe0ceb614bbdce70","","0","0","0","0.000016725980373634","0.0584446514014259","","","","Approve",""
"0x518a596837e848c300bfdd73e18864cdb9a8c9c85611b5a3cf7d72d7ef4a4435","12467623","1711724593","2024-03-29 15:03:13","0x2cf6d38c62727c0a755b91eeb4710c49a8ab1e42","0x01cb9c83aec45b7cf6dd5ae6fe0ceb614bbdce70","","0","0","0","0.000016717183934286","0.0584139144987282","","","","Approve",""
"0xab3342b59242e8e21c84af502f2c387a3d54dbc83e0c159b815b5285e2081156","12467853","1711725053","2024-03-29 15:10:53","0xba0d3b7d315ebb11309dbe2df2b88e5d0ff9e832","0x01cb9c83aec45b7cf6dd5ae6fe0ceb614bbdce70","","0","0","0","0.000018665943563287","0.0652233555382307","","","","Approve",""
"0x59d8c793f77dd1754234a6150bcea62c5781505d17690ca73c81427b41b1b434","12467853","1711725053","2024-03-29 15:10:53","0xa60ae35213174fcca1398fc5ad78b229a2bd3b9c","0x01cb9c83aec45b7cf6dd5ae6fe0ceb614bbdce70","","0","0","0","0.000018665943563287","0.0652233555382307","","","","Approve",""
"0xe847b362b531f2f5eb6bd90ab02b8fd6edca4ac2ba6146337c4593d4e8dd9741","12467853","1711725053","2024-03-29 15:10:53","0xe8ff54fb204d332a8eef5889ffac1369f1a8b99c","0x01cb9c83aec45b7cf6dd5ae6fe0ceb614bbdce70","","0","0","0","0.000018665943563287","0.0652233555382307","","","","Approve",""
"0x7a7e9c08f0639911dda2a3aac4ae271e3222b33eaf9de29c1a40534eb6b95ddc","12467853","1711725053","2024-03-29 15:10:53","0x1727b5fa7e6e1a45d750c15048bc1c956b32e8bb","0x01cb9c83aec45b7cf6dd5ae6fe0ceb614bbdce70","","0","0","0","0.000018665943563287","0.0652233555382307","","","","Approve",""
"0x09d22c9750f6ed087e174c4b15b70e4af9c95ac154b96ca9dddd82aec2c2c65d","12467916","1711725179","2024-03-29 15:12:59","0x14ff77a21322cd1aa22b3599e54ea1aaef96d790","0x01cb9c83aec45b7cf6dd5ae6fe0ceb614bbdce70","","0","0","0","0.002556703833368145","8.93374624027645","","","","Approve",""
"0xe17c9e6d9f7134c9ee172a48c3301c9106d2bd86ddfa49bf4c563c83f35882d1","12467917","1711725181","2024-03-29 15:13:01","0x0513ddfe7765330a04fb91b9226e591f1b045b83","0x01cb9c83aec45b7cf6dd5ae6fe0ceb614bbdce70","","0","0","0","0.002556695439589534","8.9337169103685","","","","Approve",""
"0xf944d1518b382cadc8ae3d434e5e3611e8d86354f73c64aee68c4f6cd44493c9","12467917","1711725181","2024-03-29 15:13:01","0xc58cfbc6fe3223b2be82cb7f26203e43f494a294","0x01cb9c83aec45b7cf6dd5ae6fe0ceb614bbdce70","","0","0","0","0.002556703833368145","8.93374624027645","","","","Approve",""
"0x271c973f2040377630df4494fee80d84ed13d6a5e2b7c97cf0054b36e99db846","12467917","1711725181","2024-03-29 15:13:01","0xcf6485bdd6d5ccef8c3fc4774044ee19c1e60633","0x01cb9c83aec45b7cf6dd5ae6fe0ceb614bbdce70","","0","0","0","0.002556703833368145","8.93374624027645","","","","Approve",""
"0x1ab944563e3882b346bd354d5a804489c924e1850c09d8e8fcb7ca501ed8e5e9","12467917","1711725181","2024-03-29 15:13:01","0xeedf208355585e1fec1898bcdc4fce91e616b1ab","0x01cb9c83aec45b7cf6dd5ae6fe0ceb614bbdce70","","0","0","0","0.002556703833368145","8.93374624027645","","","","Approve",""
"0xe7d7bf8985e5eec92c671005ee797adcec4f9aaafe4ffc61ac8b9327f93d9b9e","12467917","1711725181","2024-03-29 15:13:01","0x7bc5a586ce1cea39cd28f8816fe17b965e02a190","0x01cb9c83aec45b7cf6dd5ae6fe0ceb614bbdce70","","0","0","0","0.002556703833368145","8.93374624027645","","","","Approve",""
"0xfffbef3d3a2cc86a9a84fe065bd4017ff1f8077d6fd6c0c24ba9d7ab7eb3d753","12467917","1711725181","2024-03-29 15:13:01","0x59c47cc57a90d29d45d73cc61a7736246768f530","0x01cb9c83aec45b7cf6dd5ae6fe0ceb614bbdce70","","0","0","0","0.002556703833368145","8.93374624027645","","","","Approve",""
"0xdeba5804784a194f9b960b45ade37ec730bbcaccfd09c64ff6a395cad85a0c83","12467917","1711725181","2024-03-29 15:13:01","0x2754a15aa507c738bb0b99e76b88a9f728e132b8","0x01cb9c83aec45b7cf6dd5ae6fe0ceb614bbdce70","","0","0","0","0.002556703833368145","8.93374624027645","","","","Approve",""
"0x1e6c6ae87b0fc30705f69a36100872e623dd9dbd7e3b15e0531f9adb9397e126","12467917","1711725181","2024-03-29 15:13:01","0x1539e0db145d94e859ff209c2bebfe552b1c68d3","0x01cb9c83aec45b7cf6dd5ae6fe0ceb614bbdce70","","0","0","0","0.002556703833368145","8.93374624027645","","","","Approve",""
"0x3b719850489f59691db248316bbea6543fbf364445a2ea2d1a210a9fa92bfd75","12468031","1711725409","2024-03-29 15:16:49","0x0c7c04220107fc89a89104b0453da89cc76ec630","0x01cb9c83aec45b7cf6dd5ae6fe0ceb614bbdce70","","0","0","0","0.000016398023143405","0.057298688918681","","","","Approve",""
"0x6d87c49781bdfe2a153ccdca4a9257f06a337d24ec4faf6c6413c1e0a1b84e6c","12468198","1711725743","2024-03-29 15:22:23","0x07cc0420fcac78af727b37ef96d6c1fad2fb7b2a","0x01cb9c83aec45b7cf6dd5ae6fe0ceb614bbdce70","","0","0","0","0.00002411188249866","0.0842527933063783","","","","Approve",""
"0xc4963c55b7dc230baad314b7852d71e19aed7d0993aee35aa3f3ff0acdbf2b93","12468273","1711725893","2024-03-29 15:24:53","0xbb4fb2c088f2f57b098c31d0c1335d18c901cf38","0x01cb9c83aec45b7cf6dd5ae6fe0ceb614bbdce70","","0","0","0","0.000020318596017584","0.0709981259505741","","","","Approve",""
"0x9fee22065b45810b25132520c1b420edff67d2843384aac65baaf1b6e27d3203","12468327","1711726001","2024-03-29 15:26:41","0x2f0db66cfc3a74f456176fef1d320a6896633e77","0x01cb9c83aec45b7cf6dd5ae6fe0ceb614bbdce70","","0","0","0","0.000025238401996551","0.0881891269550136","","","","Approve",""
"0x779ab794caa99e00c983408a2b79eafdf7d8e56e703af506f9a1556bfafa94a4","12468340","1711726027","2024-03-29 15:27:07","0x9f1842a615a14bce5723f4c5019d6f67c889b632","0x01cb9c83aec45b7cf6dd5ae6fe0ceb614bbdce70","","0","0","0","0.000020969733442666","0.0732733587903381","","","","Approve",""
"0xb333578f3c49ad28ea892b73e0567d7fe8838d12a98332bca3370db5056b42e7","12468340","1711726027","2024-03-29 15:27:07","0x0630a99b57ce5dc3210870e6581e0f17f0f29e1c","0x01cb9c83aec45b7cf6dd5ae6fe0ceb614bbdce70","","0","0","0","0.000020969733442666","0.0732733587903381","","","","Approve",""
"0x04d8f9cd36143f9ece763f5764a4cb70a2fb69afbd88f57e90d87929d5be8b6e","12468345","1711726037","2024-03-29 15:27:17","0x56a7ee07c3bbffa0c832ab4c1f40a209e6d76f94","0x01cb9c83aec45b7cf6dd5ae6fe0ceb614bbdce70","","0","0","0","0.000021103481021421","0.0737407054236297","","","","Approve",""
"0x1c97893d2ce9d768c591ff6c3805f1a70eb361b1312c5000fa213224a71c2f0a","12468375","1711726097","2024-03-29 15:28:17","0x5e23ce3520fe281a0c7868cacdc2a2fba4137eb8","0x01cb9c83aec45b7cf6dd5ae6fe0ceb614bbdce70","","0","0","0","0.000026134866630769","0.091321592847606","","","","Approve",""
"0x82a387d4785d14747e235512062b5a75083f208aa4b607ae9a20a4230fa1feaf","12468386","1711726119","2024-03-29 15:28:39","0x292fe60f26b1d4717c60a9b5176862d76f9a8a88","0x01cb9c83aec45b7cf6dd5ae6fe0ceb614bbdce70","","0","0","0","0.000021745668029782","0.0759846633262318","","","","Approve",""
"0x9ca493640de45827a75f27e28f9e83f8ed72b15ab1bed1d362fc0b5b0fc60d30","12468387","1711726121","2024-03-29 15:28:41","0x9ab89cc9700fb2c0fe2358c8d44b442dea97f254","0x01cb9c83aec45b7cf6dd5ae6fe0ceb614bbdce70","","0","0","0","0.000021802394346934","0.0761828789020711","","","","Approve",""
"0xed12747a62020236078d4761805d855e1aa9cc69b422c5a1a6b9ec6e7098ff32","12468388","1711726123","2024-03-29 15:28:43","0xd424690fd6fdcae85bd74e1ce859168130fee5c2","0x01cb9c83aec45b7cf6dd5ae6fe0ceb614bbdce70","","0","0","0","0.000021803578889254","0.0761870179815998","","","","Approve",""
"0xa76b282bae45750c1035305d014030750a4355fd59ce0d8d95b844852cbd4d4b","12468389","1711726125","2024-03-29 15:28:45","0xe068a9c5c916100abca1b4c55676561b5ddf4915","0x01cb9c83aec45b7cf6dd5ae6fe0ceb614bbdce70","","0","0","0","0.000021825255572423","0.0762627615950114","","","","Approve",""
"0xdc5413b14331918ea7ad85c8f02fadf60b6240b3f4dc4da3a8f9e4c0dd9dd49f","12468389","1711726125","2024-03-29 15:28:45","0xdfaa93291fb6cc1f748d71307485b087ece910a4","0x01cb9c83aec45b7cf6dd5ae6fe0ceb614bbdce70","","0","0","0","0.000021825255572423","0.0762627615950114","","","","Approve",""
"0x9516e78996e57a5c8e23f8c685ccd07d4e5b6de5f6fc17949ef2756258e9faa0","12468389","1711726125","2024-03-29 15:28:45","0x74de0348a91b23a4d939c8807a979efbbbf7a474","0x01cb9c83aec45b7cf6dd5ae6fe0ceb614bbdce70","","0","0","0","0.000021828612325702","0.0762744909089799","","","","Approve",""
"0x12cd45b300e61a4f5e060409ada7ef4368bd2901840dad57bddb2abe13541068","12468406","1711726159","2024-03-29 15:29:19","0xa56f7a51f8aea2fcefc685e62b4d46ffec4b2cd5","0x01cb9c83aec45b7cf6dd5ae6fe0ceb614bbdce70","","0","0","0","0.000022051255011886","0.077052458710593","","","","Approve",""
"0x292152d53687346f5d269fb40656cf0c60e8050901b79b8a7ca92c853552952e","12468418","1711726183","2024-03-29 15:29:43","0xc6aa2f0ff6b8563ea418ec2558890d6027413699","0x01cb9c83aec45b7cf6dd5ae6fe0ceb614bbdce70","","0","0","0","0.001221792498419491","4.26924072968345","","Error(0)","execution reverted","Enable Trading",""
"0x81e783614e739ff6f2fe2f010bd664e246111516d7ded9c364fb440c9dac4a3f","12468421","1711726189","2024-03-29 15:29:49","0x6347eee063dec8b46af8f362397b059ff86d251b","0x01cb9c83aec45b7cf6dd5ae6fe0ceb614bbdce70","","0","0","0","0.000022257651102986","0.0777736569498288","","","","Approve",""
"0x17423298fe9f0a8f115e5305d8dcce40dd142b8857edb7bcbcf014617353ba54","12468421","1711726189","2024-03-29 15:29:49","0x5e8826d5b595a9eee2781a9c6be91385fcff3a7c","0x01cb9c83aec45b7cf6dd5ae6fe0ceb614bbdce70","","0","0","0","0.000022260542960525","0.0777837618047905","","","","Approve",""
"0xf55f767cea4e794b8b76a52af573a3ec0a361a9d49f5798aa290a7feda83a053","12468428","1711726203","2024-03-29 15:30:03","0x390a8a963e8d88c7ab81a203a46077257e4bdd4a","0x01cb9c83aec45b7cf6dd5ae6fe0ceb614bbdce70","","0","0","0","0.000022341305311785","0.0780659651411756","","","","Approve",""
"0x133597038b0dbf2d89f392d28873da04d04b11dffad38d82d4c3d9fd89acf308","12468428","1711726203","2024-03-29 15:30:03","0xca1081557d0225a4348f3cb4f589507599d089db","0x01cb9c83aec45b7cf6dd5ae6fe0ceb614bbdce70","","0","0","0","0.000022341305311785","0.0780659651411756","","","","Approve",""
"0x4461d90a895381ab28142b49d0fece04d2f39ea62b612d6c6793cbf376cd1fc8","12468431","1711726209","2024-03-29 15:30:09","0x6573252bfe405fd593d53d1cf9918675ce353f8a","0x01cb9c83aec45b7cf6dd5ae6fe0ceb614bbdce70","","0","0","0","0.000022370093605779","0.0781665584558475","","","","Approve",""
"0x353a4aad1c57f26cdd918e5b8bf23b07f23524ec5a187440bed6615ed56a3c31","12468431","1711726209","2024-03-29 15:30:09","0x8dd58f450117e673192c06da3b635bb7d757e744","0x01cb9c83aec45b7cf6dd5ae6fe0ceb614bbdce70","","0","0","0","0.000022373043029385","0.0781768644606757","","","","Approve",""
"0x931dbdebf51c01c8970066c7863305a7f539c1e5632f2965aca0d7110e7a6702","12468433","1711726213","2024-03-29 15:30:13","0x154ee54e9fd518baa94754d04edeea7b0cc55015","0x01cb9c83aec45b7cf6dd5ae6fe0ceb614bbdce70","","0","0","0","0.000022317118836726","0.0779814517032858","","","","Approve",""
"0x1a56aec5e9033013ad63a8fe6dd457148a0f89edc221b1619776b72ea7bc4b6a","12468434","1711726215","2024-03-29 15:30:15","0x4c92553db681e8269eaecb9a5fbff31ec90da194","0x01cb9c83aec45b7cf6dd5ae6fe0ceb614bbdce70","","0","0","0","0.000022357124885723","0.0781212425876075","","","","Approve",""
"0xdb6fe82fcbd6830a63ff9edfcb907c51c725530296cc03b89d44c96147c64976","12468434","1711726215","2024-03-29 15:30:15","0x71f6206cfd48da807189f3992db90f314242f6e2","0x01cb9c83aec45b7cf6dd5ae6fe0ceb614bbdce70","","0","0","0","0.000022357124885723","0.0781212425876075","","","","Approve",""
"0x449068f143b787b146dae1d579d9f45709b123ee5fcbc915d3f18dec0fb9febb","12468446","1711726239","2024-03-29 15:30:39","0xd17edeb59e84453557648466b9172f1140cc59b4","0x01cb9c83aec45b7cf6dd5ae6fe0ceb614bbdce70","","0","0","0","0.000022693969356506","0.0792982592545913","","","","Approve",""
"0xa84b787bdeb284cdff00d3f1eb9e340fd4816905c9eaea71d6a42d6185acb3e2","12468461","1711726269","2024-03-29 15:31:09","0xcc34aa1c34594a3e390705754271bf1f29771fd9","0x01cb9c83aec45b7cf6dd5ae6fe0ceb614bbdce70","","0","0","0","0.000022946856442268","0.0801819083586271","","","","Approve",""
"0x9620cc38d866740497a4767b8b2fabbdfb8ddb5ffd21cb37b65badaf3267e6cf","12468498","1711726343","2024-03-29 15:32:23","0xe2b97f2ffc1f11ab094a86bb7e8360898f1a01f3","0x01cb9c83aec45b7cf6dd5ae6fe0ceb614bbdce70","","0","0","0","0.000023764086226705","0.0830375083772409","","","","Approve",""
"0xf417fe8b6241dd078dc5d972d5f8001e1e3eb59c9e032332fdeada118b70e41e","12468498","1711726343","2024-03-29 15:32:23","0x8d9a675ed8f2821545aa7c439ba45b8143c294bc","0x01cb9c83aec45b7cf6dd5ae6fe0ceb614bbdce70","","0","0","0","0.000023761519005406","0.0830285378804127","","","","Approve",""
"0x866e47c86aa444bee464b883cf581d1a9f79e6ffa9bf0a902066cbfcb551b87c","12468533","1711726413","2024-03-29 15:33:33","0xc6aa2f0ff6b8563ea418ec2558890d6027413699","0x01cb9c83aec45b7cf6dd5ae6fe0ceb614bbdce70","","0","0","0","0.014588320515503761","50.975146928003","","Error(0)","execution reverted","Enable Trading",""
"0xdddf3bef782e3555c6d29e1e058caa94592268356604fa646a37beff3bca471e","12468569","1711726485","2024-03-29 15:34:45","0xf9138d60d2609752a7ee9317bf4f0873a7029fac","0x01cb9c83aec45b7cf6dd5ae6fe0ceb614bbdce70","","0","0","0","0.000025937897059583","0.0906333331661106","","","","Approve",""
"0xb73e7015a341246f6eb2378f91c3e0bf3e182e44e39ef2b157ac4199752ef038","12468569","1711726485","2024-03-29 15:34:45","0x5c94eb126e249ffa16c43df52874b368212e9928","0x01cb9c83aec45b7cf6dd5ae6fe0ceb614bbdce70","","0","0","0","0.000025942538911809","0.0906495529289673","","","","Approve",""
"0xa8e4f88d39d4d36b98fbfe41cff281667b6aee9089250f35abf5346846b23180","12468624","1711726595","2024-03-29 15:36:35","0xa3436ccd95c2e64ad8de91cd86551543b6466dde","0x01cb9c83aec45b7cf6dd5ae6fe0ceb614bbdce70","","0","0","0","0.000026882425139105","0.0939337444492388","","","","Approve",""
"0x1ce7288aa14eadbff094770442a2f8341aab3784d3895cfbfff352793eec615f","12468624","1711726595","2024-03-29 15:36:35","0xac16bf7c90a0880e14dd7d453fbb8008e0302072","0x01cb9c83aec45b7cf6dd5ae6fe0ceb614bbdce70","","0","0","0","0.000026886894434078","0.0939493612550028","","","","Approve",""
"0xc8306035229aeaba68426a52ff93e4b020916181a0b0be20bddf441199b2bad1","12468633","1711726613","2024-03-29 15:36:53","0xc9a6d5c39509ee8a0b062c71d0b2bbee5ee1449c","0x01cb9c83aec45b7cf6dd5ae6fe0ceb614bbdce70","","0","0","0","0.000027060142016374","0.094554730526474","","","","Approve",""
"0x398955b1418eb109b2660e386c5288ee7eefe810a28e28052825b052ecee2831","12468758","1711726863","2024-03-29 15:41:03","0xd9f2f41e071fffbe112691678726db22629c648c","0x01cb9c83aec45b7cf6dd5ae6fe0ceb614bbdce70","","0","0","0","0.000031309212561628","0.109402018473129","","","","Approve",""
"0xa6a6cf20dfd47c73fe5263d9273dbb0e2d2d176e6bb0ed3f1e164bf5b44d38f0","12468758","1711726863","2024-03-29 15:41:03","0xf695cf8bfa69644f82b829058415472f01be1472","0x01cb9c83aec45b7cf6dd5ae6fe0ceb614bbdce70","","0","0","0","0.000031309212561628","0.109402018473129","","","","Approve",""
"0x8b312769f43798f6a40f059f051dcb7710c17661c1c7c25bc18dac4d88bfa996","12468759","1711726865","2024-03-29 15:41:05","0x4257ea692044b6172953086baa3f37aef3f45208","0x01cb9c83aec45b7cf6dd5ae6fe0ceb614bbdce70","","0","0","0","0.000031366172575494","0.109601050642236","","","","Approve",""
"0x74858d228addfccad96244e2ac4754b4ef6287c47b239da3124ed42296cb4ba5","12468759","1711726865","2024-03-29 15:41:05","0x554406eebadce2ccc903dc9792a3e71dd9c5965b","0x01cb9c83aec45b7cf6dd5ae6fe0ceb614bbdce70","","0","0","0","0.000031366172575494","0.109601050642236","","","","Approve",""
"0x24b9a2051a1c59f01886dd595461ec09289ac832141871518b26fce1696c7765","12468787","1711726921","2024-03-29 15:42:01","0xc6aa2f0ff6b8563ea418ec2558890d6027413699","0x01cb9c83aec45b7cf6dd5ae6fe0ceb614bbdce70","","0","0","0","0.000016125369917818","0.0563459721052603","","","","Remove Restrictions",""
"0xad7b2991c9d73c9ff0c8ac339b6492b4ef4413c5057b74f1cc67066e30891f9c","12468841","1711727029","2024-03-29 15:43:49","0xc6aa2f0ff6b8563ea418ec2558890d6027413699","0x01cb9c83aec45b7cf6dd5ae6fe0ceb614bbdce70","","0","0","0","0.00204497760906814","7.14565010934193","","","","Enable Trading",""
"0xf5cc5e32b28bfa01236e0361ef1b169711fcaed828587cc03d4d80cf0610652d","12468843","1711727033","2024-03-29 15:43:53","0x2cd75b0b86c467d3488306ee3bb4fc92cc4db81c","0x01cb9c83aec45b7cf6dd5ae6fe0ceb614bbdce70","","0","0","0","0.000039602448611068","0.13838060621937","","","","Approve",""
"0x7d25f8a6d4d557ec99fff19817c9194d095595dbd2637e66537a05a82895d08a","12468843","1711727033","2024-03-29 15:43:53","0x175b0249a6d700375f3ab01ddf9f888428d9d991","0x01cb9c83aec45b7cf6dd5ae6fe0ceb614bbdce70","","0","0","0","0.000039602448611068","0.13838060621937","","","","Approve",""
"0x851addd3c955aee3bac8a3a08c1aafad2093676968b31f771fb0993efd247b45","12468843","1711727033","2024-03-29 15:43:53","0x5c61e024c3a35f16f477ede4848dd6b2cbb44153","0x01cb9c83aec45b7cf6dd5ae6fe0ceb614bbdce70","","0","0","0","0.000039602448611068","0.13838060621937","","","","Approve",""
"0xf8df07b141907aed401afcdde3a4a9e1af582f7b20d9b50f2152a42473182b0b","12468843","1711727033","2024-03-29 15:43:53","0x5a0066a88f9eb40fd0e7279f787873bcd899e8c6","0x01cb9c83aec45b7cf6dd5ae6fe0ceb614bbdce70","","0","0","0","0.000039602448611068","0.13838060621937","","","","Approve",""
"0x9695efe12480b527f3ac4b6ea7deab98304d11d0dae2b9add37ed5032a47c648","12468843","1711727033","2024-03-29 15:43:53","0x6e7693c6a746401e9bab53b010ee9988569bf85b","0x01cb9c83aec45b7cf6dd5ae6fe0ceb614bbdce70","","0","0","0","0.000039602448611068","0.13838060621937","","","","Approve",""
"0x9e73979f5415a8faa62d688d38d10fffc1c034c4dd05f390520bd09725a7b1ac","12468843","1711727033","2024-03-29 15:43:53","0x1aee7b80ad212c9810952aa75bb66535291ac6e3","0x01cb9c83aec45b7cf6dd5ae6fe0ceb614bbdce70","","0","0","0","0.00003958763257133","0.138328835365985","","","","Approve",""
"0x8b0f61529634398f97e14d3aa02bf70d926efeabac242333ee4d5d97bcba721b","12468843","1711727033","2024-03-29 15:43:53","0xeebf45b753d776dd723f7c10da2e99618f26f334","0x01cb9c83aec45b7cf6dd5ae6fe0ceb614bbdce70","","0","0","0","0.000039602448611068","0.13838060621937","","","","Approve",""
"0xaf2cf196b9f71b6c3180e779ca0ec8e89fdfc9a4e2fe4b84a6c9874c35b7fdb9","12468843","1711727033","2024-03-29 15:43:53","0x268dec53b71a2e688638419e9a0fc6204cd716ef","0x01cb9c83aec45b7cf6dd5ae6fe0ceb614bbdce70","","0","0","0","0.000039602448611068","0.13838060621937","","","","Approve",""
"0x231f1f5876995c3a5547ece01b3079d6cebcd17c6073f091a344dff68366a97b","12468843","1711727033","2024-03-29 15:43:53","0x8e65dda2efb0d57c6656bc55b2952fa6d6e34f07","0x01cb9c83aec45b7cf6dd5ae6fe0ceb614bbdce70","","0","0","0","0.00003959927374541","0.138369512465073","","","","Approve",""
"0x8c13a512dd67524b2987245e80b4f4bc09eb53187bfca0854dafe7ad97e47d53","12468843","1711727033","2024-03-29 15:43:53","0xad128b4fd496ca73eb54b93529a0519c875125ce","0x01cb9c83aec45b7cf6dd5ae6fe0ceb614bbdce70","","0","0","0","0.000039602448611068","0.13838060621937","","","","Approve",""
"0xb1402bd5289f30a6a4acf7c25d2cab0b8f0c4fd08a0096df5d06b7ce8f589cfa","12468843","1711727033","2024-03-29 15:43:53","0x17b39ec27f9929e19942f78c80488e6716abb266","0x01cb9c83aec45b7cf6dd5ae6fe0ceb614bbdce70","","0","0","0","0.000039593982302647","0.138351022874581","","","","Approve",""
"0x0a980dbf9fe14e43f2f653504cb1b40779c51460c55666b353b4b4a8e227b154","12468843","1711727033","2024-03-29 15:43:53","0xee0d3a42ea15660fd4261036c1bf6ba33a0cf0f6","0x01cb9c83aec45b7cf6dd5ae6fe0ceb614bbdce70","","0","0","0","0.000039593982302647","0.138351022874581","","","","Approve",""
"0x42dd8bbcf5237ffafe73ae8d4c817a4b392ab5601afbc896c68279691c79a851","12468843","1711727033","2024-03-29 15:43:53","0x101745af21d0f0fa93f1758f38c252a1175b9941","0x01cb9c83aec45b7cf6dd5ae6fe0ceb614bbdce70","","0","0","0","0.000039590807436988","0.138339929120281","","","","Approve",""
"0x7da3a921bdc8433b92e695762b5bc9c55c200afc65f0ba8665dbcd80e85cab54","12468843","1711727033","2024-03-29 15:43:53","0x39847e7c4a5ddc7ef5766f1c0f13070332afe726","0x01cb9c83aec45b7cf6dd5ae6fe0ceb614bbdce70","","0","0","0","0.000039598215456858","0.138365814546977","","","","Approve",""
"0x64f2e016cf39a393152a5d05f1089dbd6610fd575e15f5dc564a9d35e518f3cf","12468847","1711727041","2024-03-29 15:44:01","0x5196a60d1a219cb287697d5739c3003078a0968f","0x01cb9c83aec45b7cf6dd5ae6fe0ceb614bbdce70","","0","0","0","0.000039657363100004","0.138572490825895","","","","Approve",""
"0xff8c998137de2cbdcb45c4646d99cf12d9aaaffe2c0af7b32c67e994cf61c7d6","12468847","1711727041","2024-03-29 15:44:01","0x8e87c2d090aabc5e1f2ea4d701ef167298d1bb13","0x01cb9c83aec45b7cf6dd5ae6fe0ceb614bbdce70","","0","0","0","0.000039657363100004","0.138572490825895","","","","Approve",""
"0xbe8c9fb33ebf3823677b116b702fa64e20e0d02462747b7bf63a2858096a05cf","12468847","1711727041","2024-03-29 15:44:01","0x9cde75015c3e59e7d0c5610fd6a4262a682da5a1","0x01cb9c83aec45b7cf6dd5ae6fe0ceb614bbdce70","","0","0","0","0.000039665081535907","0.138599460921856","","","","Approve",""
"0x13301cfd987a1110bfd5caeeb0bf2475c642bff161355f473ad4300ac4b7fe03","12468847","1711727041","2024-03-29 15:44:01","0x4a7f29ef087930b88fedec1df7678bf8e6f875b1","0x01cb9c83aec45b7cf6dd5ae6fe0ceb614bbdce70","","0","0","0","0.000035001689980004","0.122304434397567","","","","Approve",""
"0x069e8ba725c94ce46b07c097097feca06e42e4c3e15d555c866b20f9ad7456a9","12468849","1711727045","2024-03-29 15:44:05","0xbf201c1886ec8c1700341277e5442cd3e32dee41","0x01cb9c83aec45b7cf6dd5ae6fe0ceb614bbdce70","","0","0","0","0.00003975124774598","0.138900546657807","","","","Approve",""
"0xabecf4d9765de196c55dc8adcdd8bfac3cd0ced1ac08fdeb8a356b78026e24e0","12468854","1711727055","2024-03-29 15:44:15","0x09fad0d8034b7974b2bb54d6537b7487685f3f0b","0x01cb9c83aec45b7cf6dd5ae6fe0ceb614bbdce70","","0","0","0","0.000268129978499967","0.936911485822679","","","","Approve",""
"0x42134fed84ebf61e76770dc2cb89ac405dec56137bc2dae9b4ac7a3ca7cecc99","12468854","1711727055","2024-03-29 15:44:15","0x54577a8ea3b70ee44872d383ea18ac97b7f93cb9","0x01cb9c83aec45b7cf6dd5ae6fe0ceb614bbdce70","","0","0","0","0.000034846870392629","0.121763457031092","","","","Approve",""
"0xbcd0925aae51a8ad68229023126d86063b83e15fb678b65ac3198cc19e2d97a5","12468855","1711727057","2024-03-29 15:44:17","0x932cd92595a12499d753235ca837f9b0c38c98f3","0x01cb9c83aec45b7cf6dd5ae6fe0ceb614bbdce70","","0","0","0","0.00003972737078568","0.138817114739911","","","","Approve",""
"0x772bd5b1f93320a03d4a734783c4be9f7dcbbfddf86abf871233e9dbe7edc6a8","12468855","1711727057","2024-03-29 15:44:17","0x5b11db05665b7ab0caad74fd3aec7f32195eb4e9","0x01cb9c83aec45b7cf6dd5ae6fe0ceb614bbdce70","","0","0","0","0.000039720513062638","0.138793152184435","","","","Approve",""
"0x6f0bb06089d461a0ddd490a2486f294d5ca0afb43507444884774cbe1de3575f","12468856","1711727059","2024-03-29 15:44:19","0xdbf6c19f0d2a099d1b0b16a085543c7067ad1e78","0x01cb9c83aec45b7cf6dd5ae6fe0ceb614bbdce70","","0","0","0","0.000039751127112143","0.138900125133783","","","","Approve",""
"0x255d0927e1620ebd643bf0bb9854e888136147d69a57c4d09fe7e1ba8b6d7185","12468858","1711727063","2024-03-29 15:44:23","0xbd352d9e8580e279cc741f82e17571792f97eb3a","0x01cb9c83aec45b7cf6dd5ae6fe0ceb614bbdce70","","0","0","0","0.000039789401411134","0.139033864861572","","","","Approve",""
"0x9cacc77def46dc7934e64fe16d9a2c876204bc2bfdcbe26c5e9ab429f723030f","12468859","1711727065","2024-03-29 15:44:25","0x2f595bca7d2202f514950519be0c98d2cb930bee","0x01cb9c83aec45b7cf6dd5ae6fe0ceb614bbdce70","","0","0","0","0.000310073919013542","1.08347383535062","","","","Approve",""
"0x6461746d4330baec04b915f6515f7e052addc9fd35103a7bd51a622334206427","12468859","1711727065","2024-03-29 15:44:25","0xd609fb07b439974d355915e240287f89ad3c8b12","0x01cb9c83aec45b7cf6dd5ae6fe0ceb614bbdce70","","0","0","0","0.000310073919013542","1.08347383535062","","","","Approve",""
"0x6ce7f0185e0b9c7fcf05f875888a3438e1a7dea5c7cf1afa5941ee7a574c8374","12468861","1711727069","2024-03-29 15:44:29","0xef89af9b67ad9c71175ed4300201b4a03ad793d8","0x01cb9c83aec45b7cf6dd5ae6fe0ceb614bbdce70","","0","0","0","0.00005833732807571","0.203844840596014","","","","Approve",""
"0x9d27ac71fff2ba5309886114043a1dd6b7ee632df37db1942d2e02b9bb1aed5f","12468861","1711727069","2024-03-29 15:44:29","0x4ac4fec3a7077bf66bc3fee9ff91f002c4679432","0x01cb9c83aec45b7cf6dd5ae6fe0ceb614bbdce70","","0","0","0","0.00003968529254619","0.138670083117032","","","","Approve",""
"0x2b73646266a38554ff566623534efe24f4bad55afbefec17aa18502b93455b94","12468862","1711727071","2024-03-29 15:44:31","0xbb27835eb7ff69db5b529f70b75ad102ce1b4a23","0x01cb9c83aec45b7cf6dd5ae6fe0ceb614bbdce70","","0","0","0","0.000268047005947385","0.936621559504268","","","","Approve",""
"0x704b2af7af539a57943d93aa8d9c7872732820e986ff20c4c0d08052c611da4c","12468865","1711727077","2024-03-29 15:44:37","0x10d8e40497726be338a50b934ec0463dbdcdfdd1","0x01cb9c83aec45b7cf6dd5ae6fe0ceb614bbdce70","","0","0","0","0.000081513980046793","0.284829710531493","","","","Approve",""
"0xc792957e640dd93ef2e89c98b5fa4b6955bfb73c915a16def84a6129a9b10b1b","12468869","1711727085","2024-03-29 15:44:45","0xcc34aa1c34594a3e390705754271bf1f29771fd9","0x01cb9c83aec45b7cf6dd5ae6fe0ceb614bbdce70","","0","0","0","0.000034812836828262","0.12164453546351","","","","Approve",""
"0x861b042b3d34d8544eef5267a2905ea6896bbc1f48934a508bf085ad59dfdd3d","12468870","1711727087","2024-03-29 15:44:47","0x3b33c3be4ef6ddec79d66939e5715f1818bdf9ed","0x01cb9c83aec45b7cf6dd5ae6fe0ceb614bbdce70","","0","0","0","0.000039500783001931","0.13802536180602","","","","Approve",""
"0x24eca3897f440a841225a49edb1c86a2d56371bdbf26ba1254526a5b6b3c9475","12468870","1711727087","2024-03-29 15:44:47","0xd9f2f41e071fffbe112691678726db22629c648c","0x01cb9c83aec45b7cf6dd5ae6fe0ceb614bbdce70","","0","0","0","0.000034526303280727","0.120643317422689","","","","Approve",""
"0x4628cba0c60517c3d68f4e1b42d6b9aa1ba9f69324852c4d9a36a593bc88c51f","12468872","1711727091","2024-03-29 15:44:51","0xd52bc22e3f104ad1fafdf0d6eb0b4673f413f57e","0x01cb9c83aec45b7cf6dd5ae6fe0ceb614bbdce70","","0","0","0","0.000267935859203279","0.936233185694866","","","","Approve",""
"0xd93916c3c790cdbc561afb1192d4a4f758c0334f66907b7158ecd9ea488e4b9b","12468873","1711727093","2024-03-29 15:44:53","0x9946a2804e0c8a141829c65da79de923db809b30","0x01cb9c83aec45b7cf6dd5ae6fe0ceb614bbdce70","","0","0","0","0.000267915153269857","0.936160834117634","","","","Approve",""
"0x771f374493a3c57f28e2ff0a83e0d9ff719983e8f5903249d975a32509e30a32","12468875","1711727097","2024-03-29 15:44:57","0xa56f7a51f8aea2fcefc685e62b4d46ffec4b2cd5","0x01cb9c83aec45b7cf6dd5ae6fe0ceb614bbdce70","","0","0","0","0.00003480834807025","0.121628850649145","","","","Approve",""
"0x11c29dcbe9e8acb0a855fe1041ee6d415314a19ab37f3d260474572a0fd61def","12468877","1711727101","2024-03-29 15:45:01","0x51d40cdd43b55fc67c12850d3de79242f6e4a9c6","0x01cb9c83aec45b7cf6dd5ae6fe0ceb614bbdce70","","0","0","0","0.000961496645280702","3.35970358698095","","","","Approve",""
"0xd13d24c04cf104ecfd9289b255d1b07a5ef32af7d4f5d1f5ca41048e1c1e7f85","12468877","1711727101","2024-03-29 15:45:01","0x057128379d8bc6e5ebce483175a4e56c5ae00f69","0x01cb9c83aec45b7cf6dd5ae6fe0ceb614bbdce70","","0","0","0","0.000961494374332258","3.35969565173367","","","","Approve",""
"0x1ba68bbab9cea53636b6e253ff585a6a18517062dc3c6a1baa701771839d13cf","12468877","1711727101","2024-03-29 15:45:01","0x29731f012a8efcc77c533ca83e2809bb3a80f8c6","0x01cb9c83aec45b7cf6dd5ae6fe0ceb614bbdce70","","0","0","0","0.000961502701143219","3.35972474764034","","","","Approve",""
"0x491abba573d82eaaeefa48b7f6200653a9550153524a842b8ec4bbeb1f4c666b","12468877","1711727101","2024-03-29 15:45:01","0x72b8941e7045f7fba583262c939878cce23c44e8","0x01cb9c83aec45b7cf6dd5ae6fe0ceb614bbdce70","","0","0","0","0.000961496645280702","3.35970358698095","","","","Approve",""
"0x414628de4edca75ebeb5eda46e6d195c5b5d2d5b74e14b74a9bf735f2f9acac6","12468877","1711727101","2024-03-29 15:45:01","0xbc1275158da5a4632e36ee0d958fcfde63a36813","0x01cb9c83aec45b7cf6dd5ae6fe0ceb614bbdce70","","0","0","0","0.000961496645280702","3.35970358698095","","","","Approve",""
"0x8aa2ff0e6d9cbe05773a48a38e41c19d42aeabc778663dd1acc5e0f22ce7506a","12468878","1711727103","2024-03-29 15:45:03","0xeb467f831233c47b25877eaf895773c6031d7e71","0x01cb9c83aec45b7cf6dd5ae6fe0ceb614bbdce70","","0","0","0","0.000039606444123062","0.138394567511948","","","","Approve",""
"0x361373e70e114b41fcd626275f7d08a0c31b92ae602e51806b1c62a611967e63","12468881","1711727109","2024-03-29 15:45:09","0x893cd4d79bf75370f6200d0ccb873f3d3de418aa","0x01cb9c83aec45b7cf6dd5ae6fe0ceb614bbdce70","","0","0","0","0.000041241748492857","0.144108719489464","","","","Approve",""
"0x98b777ebc21d1885d161aa07376675c942f95f0e9943f6deabf20154eedd87de","12468882","1711727111","2024-03-29 15:45:11","0x23e5a5ef27c4a467fad739e2344e6d9149a8672c","0x01cb9c83aec45b7cf6dd5ae6fe0ceb614bbdce70","","0","0","0","0.000038659998961564","0.13508745747722","","","","Approve",""
"0xfb6a6b2f9b0ba548277adf00524628b89c8a2fbc0062da3695e53a347413f3a9","12468886","1711727119","2024-03-29 15:45:19","0x73c4cd74e20763dd90cfaa407ef2349931a8ba16","0x01cb9c83aec45b7cf6dd5ae6fe0ceb614bbdce70","","0","0","0","0.000128166860260085","0.447846242897896","","","","Approve",""
"0x89488a347808b501022c479cb578e1730c9221a20ee5b5aa6ac97e47745d7984","12468887","1711727121","2024-03-29 15:45:21","0x1db9a9dfe480c9a9cc1093f06810c02a80c568a5","0x01cb9c83aec45b7cf6dd5ae6fe0ceb614bbdce70","","0","0","0","0.000034878640754556","0.121874470417826","","","","Approve",""
"0x77c5970a1a53b4affe93023212c0ce5ebb0ff41f605fef505353fc73fdc7d956","12468893","1711727133","2024-03-29 15:45:33","0x95634053b151faea339dc1d192dc0bb96314a30a","0x01cb9c83aec45b7cf6dd5ae6fe0ceb614bbdce70","","0","0","0","0.000267991466343239","0.936427490592863","","","","Approve",""
"0xe865a2ee9e0619a38a0d3fb8e1d067e2e1cd44e9b1f0e11b2c05cc1f48d6236d","12468894","1711727135","2024-03-29 15:45:35","0x9b8a6becab32a7b6ad19366105847aef63f45bb4","0x01cb9c83aec45b7cf6dd5ae6fe0ceb614bbdce70","","0","0","0","0.000039609584119254","0.138405539423833","","","","Approve",""
"0x6dbb6303296c1e8b6252402a83225ad13f1f3dc6e3368255d6719debd7843c4a","12468895","1711727137","2024-03-29 15:45:37","0x55550c03b0c9b87002c4351e1958cc588578a5fa","0x01cb9c83aec45b7cf6dd5ae6fe0ceb614bbdce70","","0","0","0","0.000081613544310126","0.285177612330523","","","","Approve",""
"0x6ec58a6b4139c85dc63f5b5b560f21e0f58834bf477894dd5d6796b11d74e3e1","12468895","1711727137","2024-03-29 15:45:37","0x55552f97ad55474f3095e893db2c610ca55e5b96","0x01cb9c83aec45b7cf6dd5ae6fe0ceb614bbdce70","","0","0","0","0.000081616540611946","0.285188082139255","","","","Approve",""
"0xb7fc58897a5111810e157a0b53dd5b84c0c2ab76993b3bec62ca32d41f1a2c62","12468895","1711727137","2024-03-29 15:45:37","0x555554b1ffb320bad74180e399b479617e27d1ff","0x01cb9c83aec45b7cf6dd5ae6fe0ceb614bbdce70","","0","0","0","0.000081616540611946","0.285188082139255","","","","Approve",""
"0x56f9fd53fdfd668576ad9329fa8609f7a6fc3555dc8938ddaae7cbe813918072","12468895","1711727137","2024-03-29 15:45:37","0x77777639f22bb93b6dca1345ff659f6f8ccd6958","0x01cb9c83aec45b7cf6dd5ae6fe0ceb614bbdce70","","0","0","0","0.000081616540611946","0.285188082139255","","","","Approve",""
"0x49533236dfc2487b9f5b62b264490309dc454098b432f598ae27c246c2e12e4b","12468895","1711727137","2024-03-29 15:45:37","0x555522400e9a0db505f0ad8e27f013dffc86acbb","0x01cb9c83aec45b7cf6dd5ae6fe0ceb614bbdce70","","0","0","0","0.000081616540611946","0.285188082139255","","","","Approve",""
"0x31b41a95db32d4c14ab2e1f5e6177e9c523e73e12c1143c4f70e87cd378c0317","12468895","1711727137","2024-03-29 15:45:37","0x55558764731a3127b9f334eac78d74d49f894dcb","0x01cb9c83aec45b7cf6dd5ae6fe0ceb614bbdce70","","0","0","0","0.000081613544310126","0.285177612330523","","","","Approve",""
"0x2e47d8379cc08e343c036bc7002a192a3ff7c47ca81fa680d299a21098a8b82f","12468895","1711727137","2024-03-29 15:45:37","0x5555f5a5096f9e26b1a9e001b87496e2fe8f33ad","0x01cb9c83aec45b7cf6dd5ae6fe0ceb614bbdce70","","0","0","0","0.000081616540611946","0.285188082139255","","","","Approve",""
"0x9c69151533d6bddf6c1bb59ee3bf34590a1d1e9f60996b3145c62ad846bb4945","12468896","1711727139","2024-03-29 15:45:39","0xfb92471f6cda334610ebd435247df76db3192110","0x01cb9c83aec45b7cf6dd5ae6fe0ceb614bbdce70","","0","0","0","0.000039691313409769","0.13869112148161","","","","Approve",""
"0xb7620a3a198741098a69facd09941c7be6347378397a7a815b8b4fe50beeb485","12468899","1711727145","2024-03-29 15:45:45","0xf781793719049347351734adea281729e6b2a9df","0x01cb9c83aec45b7cf6dd5ae6fe0ceb614bbdce70","","0","0","0","0.000498213742480816","1.74088022658397","","","","Approve",""
"0xb98facd1311c006264bd06f2a759a41f44ed148d47771e65775923987139b7de","12468899","1711727145","2024-03-29 15:45:45","0xa1c962f7949c691aa960427562e6a0e940e80595","0x01cb9c83aec45b7cf6dd5ae6fe0ceb614bbdce70","","0","0","0","0.000498210746178996","1.74086975677524","","","","Approve",""
"0xeb7bbdc365af5257e75dfd9eab29b9737ae8840d8d3c5923426911fc708d299a","12468899","1711727145","2024-03-29 15:45:45","0xe6c37d02a2acebf55b809521b9604f465e91837b","0x01cb9c83aec45b7cf6dd5ae6fe0ceb614bbdce70","","0","0","0","0.000498210746178996","1.74086975677524","","","","Approve",""
"0x0e4c65d50498ff48d5eb658cc1b88541a22385b136d6fe67f2a75116bf978fcb","12468899","1711727145","2024-03-29 15:45:45","0x32902b9f06c0d4372d3e446624585a55324bb1b2","0x01cb9c83aec45b7cf6dd5ae6fe0ceb614bbdce70","","0","0","0","0.000498217737549909","1.74089418632895","","","","Approve",""
"0x506898dc25c119f620ad5c762353a7dbf789be8baa4274e28222ad2b865e5f5a","12468899","1711727145","2024-03-29 15:45:45","0x4882fbd76910f69fe6dcef844b7bbc9a4b3a70db","0x01cb9c83aec45b7cf6dd5ae6fe0ceb614bbdce70","","0","0","0","0.000498213742480816","1.74088022658397","","","","Approve",""
"0xb829cee2c6c9a2972dee170b6ee18c20dfd5f111398433a7521cc630be612a03","12468899","1711727145","2024-03-29 15:45:45","0x154ee54e9fd518baa94754d04edeea7b0cc55015","0x01cb9c83aec45b7cf6dd5ae6fe0ceb614bbdce70","","0","0","0","0.000034690507054806","0.121217085424353","","","","Approve",""
"0x097cc968a366340d228407dd48cb85fcafa254ca7d6c21661480cb92f468f2d9","12468901","1711727149","2024-03-29 15:45:49","0x8fe6570de67d681ece77c45726c37f4f2741d299","0x01cb9c83aec45b7cf6dd5ae6fe0ceb614bbdce70","","0","0","0","0.000047311416653523","0.165317619168173","","","","Approve",""
"0x9346665293fdf6934b3819b39213042a492c74b3e390d64afbbd035d3f2ea782","12468901","1711727149","2024-03-29 15:45:49","0xc5ebff1b8e833de1830cd3e211584da8aca0169d","0x01cb9c83aec45b7cf6dd5ae6fe0ceb614bbdce70","","0","0","0","0.000047311416653523","0.165317619168173","","","","Approve",""
"0xa30c152fa1c1165ad5cab81e16c110114bbe7ab6a87111109396d9df3e3c18fc","12468901","1711727149","2024-03-29 15:45:49","0x3cc68c21358dd356cd6465ecf94e827e3a7ed5c3","0x01cb9c83aec45b7cf6dd5ae6fe0ceb614bbdce70","","0","0","0","0.000047307014089501","0.165302235536614","","","","Approve",""
"0x3dd6959fe561af2c4aaac6ac18e61a2ecdf110289d3976e8e4dda8735d95a6a4","12468901","1711727149","2024-03-29 15:45:49","0x9c4a9ecbfa9dc073745e56bdf1d6425b6dafa808","0x01cb9c83aec45b7cf6dd5ae6fe0ceb614bbdce70","","0","0","0","0.000047311416653523","0.165317619168173","","","","Approve",""
"0x1b622abaaf988a6781a3701161550d34607424a549a422ffcb6dfcd654789b5a","12468901","1711727149","2024-03-29 15:45:49","0xc1c9857c684e7be35cbdee23df20b1dee603a808","0x01cb9c83aec45b7cf6dd5ae6fe0ceb614bbdce70","","0","0","0","0.000047311416653523","0.165317619168173","","","","Approve",""
"0x3d805767e89ba568332dd305584dfe78be78196a402eabafc82556f5ca574817","12468901","1711727149","2024-03-29 15:45:49","0x3e554c778c513a3b6c1fe75a284d982ac3e23873","0x01cb9c83aec45b7cf6dd5ae6fe0ceb614bbdce70","","0","0","0","0.000047311416653523","0.165317619168173","","","","Approve",""
"0x2e07d46a059cddd2bb9bd3862b5fa0a9775e99937f380a41548ddbf05e0a0e65","12468910","1711727167","2024-03-29 15:46:07","0x938e793b7b0eed91cc9fd8bcd4982cbcc7b1d30d","0x01cb9c83aec45b7cf6dd5ae6fe0ceb614bbdce70","","0","0","0","0.00003506810491973","0.122536504381713","","","","Approve",""
"0x324742ef6fc2dc5186e5ea8290ed5364b7dac0a2eb74da61d17d52102013422c","12468912","1711727171","2024-03-29 15:46:11","0xb0a362ed3c01250f8be26f9391bc2dfde36df445","0x01cb9c83aec45b7cf6dd5ae6fe0ceb614bbdce70","","0","0","0","0.000035126317135891","0.12273991205079","","","","Approve",""
"0x3059ddabb9ce4c82677398630fda5e2b4a7419906e981fdb7584363750799ab4","12468914","1711727175","2024-03-29 15:46:15","0x91ff896b19b36d29466f435a94a12eb1503106ea","0x01cb9c83aec45b7cf6dd5ae6fe0ceb614bbdce70","","0","0","0","0.000039870938366324","0.139318774852852","","","","Approve",""
"0xe12f6366af79058619703e100b454a250c7a02bdf7c2c8f551eeca15e8ccb072","12468915","1711727177","2024-03-29 15:46:17","0xca287b47e9e4a2b0c630386e486628a672766798","0x01cb9c83aec45b7cf6dd5ae6fe0ceb614bbdce70","","0","0","0","0.0002682247504236","0.937242642018946","","","","Approve",""
"0x403f0c0989ef6004814cf422c71271cae596add194b63a7eae9dd622ab8c3130","12468918","1711727183","2024-03-29 15:46:23","0x7efdd70fce4d3ce5b7ed89046067f8617a38ac37","0x01cb9c83aec45b7cf6dd5ae6fe0ceb614bbdce70","","0","0","0","0.000268241522064529","0.937301246219455","","","","Approve",""
"0xea1f6c73f39b16f8ec33d8196d1067459ad4df0a9793720c0b271943d773174a","12468919","1711727185","2024-03-29 15:46:25","0x9564ea3feb0908a3d655c1a41e31f1de7ee039b0","0x01cb9c83aec45b7cf6dd5ae6fe0ceb614bbdce70","","0","0","0","0.000268324856019875","0.937592435367194","","","","Approve",""
"0x3bda6cf4630b73ce16aba5aed981879bed2417af5937e123691a5123b6887bab","12468923","1711727193","2024-03-29 15:46:33","0x5bd0fe7a4645156595b15d85300e7bc7061d64e1","0x01cb9c83aec45b7cf6dd5ae6fe0ceb614bbdce70","","0","0","0","0.00004173482388991","0.145831645084953","","","","Approve",""
"0xf73526535d22b70f500df5df545a72f31540616ed0d8d0cd13aa571c19313662","12468928","1711727203","2024-03-29 15:46:43","0xef89af9b67ad9c71175ed4300201b4a03ad793d8","0x01cb9c83aec45b7cf6dd5ae6fe0ceb614bbdce70","","0","0","0","0.000039910193801495","0.139455942909548","","","","Approve",""
"0xa22c7695135529efbd0fa448f72913e93d6a397d2aa29fc0fc46458222f93952","12468932","1711727211","2024-03-29 15:46:51","0xf2baf29541e4b60a874246f7fc11ed3e0d6c94aa","0x01cb9c83aec45b7cf6dd5ae6fe0ceb614bbdce70","","0","0","0","0.000268349516442769","0.937678604894316","","","","Approve",""
"0x5456beeec59f2b78cbde3c7836c286df2c03fbe4484f47f02f36e69faf32fda8","12468932","1711727211","2024-03-29 15:46:51","0xbbdb74e81d777c10a54fe80d01cd589ae10eeef2","0x01cb9c83aec45b7cf6dd5ae6fe0ceb614bbdce70","","0","0","0","0.000038691961870916","0.135199143671579","","","","Approve",""
"0x4811aaf56428fbaa500389a64057f50a4404e2b8f99838c5965807d6700de4ec","12468935","1711727217","2024-03-29 15:46:57","0x1cd7cb7921b552a1aee548b2062eea410b81e4ca","0x01cb9c83aec45b7cf6dd5ae6fe0ceb614bbdce70","","0","0","0","0.000035180380700162","0.122928823319174","","","","Approve",""
"0x221c9b4c72f6e3e8d75a3f6163a0f695af950c893d82ea2ef9069b64155becfb","12468937","1711727221","2024-03-29 15:47:01","0x938e793b7b0eed91cc9fd8bcd4982cbcc7b1d30d","0x01cb9c83aec45b7cf6dd5ae6fe0ceb614bbdce70","","0","0","0","0.000039721122198505","0.138795280653596","","","","Approve",""
"0xb9f0489c43b84fba62637c56bba653f8eb9aa9a2d4453d7db3628fe427c94bcc","12468938","1711727223","2024-03-29 15:47:03","0x48f9fd0833290cd2424e395cca5c1aea2054cb17","0x01cb9c83aec45b7cf6dd5ae6fe0ceb614bbdce70","","0","0","0","0.000034975713390005","0.122213665861842","","","","Approve",""
"0x8c121b70453bdbcc6b587465546ece60bd0bea184188a352b07b36182fdee673","12468940","1711727227","2024-03-29 15:47:07","0x924f310a7a3f7d9d0871a4ec1211820a083c5cba","0x01cb9c83aec45b7cf6dd5ae6fe0ceb614bbdce70","","0","0","0","0.000041616097597621","0.145416786487131","","","","Approve",""
"0x4c6967717a159570b0345a7495a9446febd007e703ac0edfa70320a8deb18eb0","12468954","1711727255","2024-03-29 15:47:35","0x54577a8ea3b70ee44872d383ea18ac97b7f93cb9","0x01cb9c83aec45b7cf6dd5ae6fe0ceb614bbdce70","","0","0","0","0.00003947224420713","0.137925640302329","","","","Transfer",""
"0x9084004355a6dfbc5556404ed259b508ab17ef32eb24e4e77437ea8f34cd9ed8","12468955","1711727257","2024-03-29 15:47:37","0x6c097a93be2f1ab53006fafe89f0d9358e0a115f","0x01cb9c83aec45b7cf6dd5ae6fe0ceb614bbdce70","","0","0","0","0.000034800829416956","0.121602578642305","","","","Approve",""
"0x8c9810349189c9b99d6155be7c044e0a1bd2b320e8e5fa86664ddcf60a295d7a","12468957","1711727261","2024-03-29 15:47:41","0x4ac4fec3a7077bf66bc3fee9ff91f002c4679432","0x01cb9c83aec45b7cf6dd5ae6fe0ceb614bbdce70","","0","0","0","0.000038229940292116","0.133584727684611","","","","Approve",""
"0x0b0c33061c3628ff8c2a66a8e1864116c58b557e9cda3e96ab917cd30cd60206","12468958","1711727263","2024-03-29 15:47:43","0x2f8e67afef92442f6783501ad220c17cfc1af8b4","0x01cb9c83aec45b7cf6dd5ae6fe0ceb614bbdce70","","0","0","0","0.000080841331660687","0.282479313151877","","","","Approve",""
"0xa6c0979ae86d382dbed31590dda416a9ff4465dc49ddab923f5856eb3b95b50b","12468970","1711727287","2024-03-29 15:48:07","0x4a7f29ef087930b88fedec1df7678bf8e6f875b1","0x01cb9c83aec45b7cf6dd5ae6fe0ceb614bbdce70","","0","0","0","0.000034833751148267","0.121717615194245","","","","Approve",""
"0xdc94b484dcdeff1beadf054aa411ea87f95176d49e990e82c72c3903ba23ff6a","12468972","1711727291","2024-03-29 15:48:11","0xbf54c7aff2998dc8dda37219d4a541fe64084a7c","0x01cb9c83aec45b7cf6dd5ae6fe0ceb614bbdce70","","0","0","0","0.000267877730099952","0.936030068442285","","","","Approve",""
"0xbe5e4d22565a13808fb872c92371d1d42a0f41f42feb9d1f59deb1650148176b","12468973","1711727293","2024-03-29 15:48:13","0x24bb69f3b1009e79b4fdbd93180cda6c62d46ff2","0x01cb9c83aec45b7cf6dd5ae6fe0ceb614bbdce70","","0","0","0","0.000034510268643062","0.120587288491186","","","","Approve",""
"0xc914dd86ee6b30412d9895429f2717c654fb3afc204af30a4813aa6ce98e522f","12468975","1711727297","2024-03-29 15:48:17","0x15719d37d81a0a490af6b143ffb3c84613d77a7b","0x01cb9c83aec45b7cf6dd5ae6fe0ceb614bbdce70","","0","0","0","0.000034506346031124","0.120573581929168","","","","Approve",""
"0xceedef6b49632f01e2e1591f9f5b6e127fac7b201537de76902993543ca82ed6","12468984","1711727315","2024-03-29 15:48:35","0xb6d48eedf6217a193c5dc24a0308fe20b788e3d1","0x01cb9c83aec45b7cf6dd5ae6fe0ceb614bbdce70","","0","0","0","0.000037326341716078","0.13042733406082","","","","Approve",""
"0x67f0889bc388e4a67191fa60cba27f04aaffc9db683a3139589f066fbc0efaf4","12468987","1711727321","2024-03-29 15:48:41","0xc1c9857c684e7be35cbdee23df20b1dee603a808","0x01cb9c83aec45b7cf6dd5ae6fe0ceb614bbdce70","","0","0","0","0.000034796565604971","0.121587679844176","","","","Approve",""
"0x35c5c68a6a6cb306c83e14361dac23c213acb54b1821952dec00a5c5a100f3e9","12469005","1711727357","2024-03-29 15:49:17","0x6c3f206c6649d78a629d3917436706768953a02d","0x01cb9c83aec45b7cf6dd5ae6fe0ceb614bbdce70","","0","0","0","0.000034820039860457","0.121669704613316","","","","Approve",""
"0x59514407e2f45b13d03e5d747e31b0c4639ea44bbccaad87b01b7dbb27984c38","12469010","1711727367","2024-03-29 15:49:27","0xc4a54f3043ece12fbce604ba40358a558fd84bc3","0x01cb9c83aec45b7cf6dd5ae6fe0ceb614bbdce70","","0","0","0","0.000267980418719429","0.936388887503061","","","","Approve",""
"0xd455800539dd6a6e39b11c2e1d787b55ca82424febdade6891ea3c93e6ab9338","12469010","1711727367","2024-03-29 15:49:27","0x8ccd7229b789bba77fc52d554f71dbf16dc90360","0x01cb9c83aec45b7cf6dd5ae6fe0ceb614bbdce70","","0","0","0","0.000034605227099764","0.120919096479453","","","","Approve",""
"0x30412b4905dc127b8a62e0b285cc03497ff72a65edc0be073712dfeda34ce57f","12469016","1711727379","2024-03-29 15:49:39","0x1ae4b99e6f297b5fc2db8e41957c52e9ccb75be2","0x01cb9c83aec45b7cf6dd5ae6fe0ceb614bbdce70","","0","0","0","0.00026810358491104","0.93681926019108","","","","Approve",""
"0xac27059a81880b3e4f79efdfd7aa24141999e78b195e7a89b05a42bd7b62fe7a","12469022","1711727391","2024-03-29 15:49:51","0x6c3f206c6649d78a629d3917436706768953a02d","0x01cb9c83aec45b7cf6dd5ae6fe0ceb614bbdce70","","0","0","0","0.000039540260160839","0.138163304619485","","","","Approve",""
"0xea48fcbf0cb8ad997718775ffa62f704975cd6433217702ea553447af4479423","12469032","1711727411","2024-03-29 15:50:11","0x3c365d5c112ce0792e15dde53b2cc45f9c786e01","0x01cb9c83aec45b7cf6dd5ae6fe0ceb614bbdce70","","0","0","0","0.000034846806360771","0.121763233288176","","","","Approve",""
"0x033ed395ae0c0bda742973e73b58dc52ceabe0e1eff9e6161e4bfc454d7917fe","12469036","1711727419","2024-03-29 15:50:19","0x4ccd20ee375158d6d9d4b1cd800bf7f3a2f3526f","0x01cb9c83aec45b7cf6dd5ae6fe0ceb614bbdce70","","0","0","0","0.000034686595511345","0.121203417538291","","","","Approve",""
"0x356c68ff9069907a3ba5df9ae758e27dcb5259340625c1fe09f21a84168b2601","12469038","1711727423","2024-03-29 15:50:23","0xc1c9857c684e7be35cbdee23df20b1dee603a808","0x01cb9c83aec45b7cf6dd5ae6fe0ceb614bbdce70","","0","0","0","0.000051748730872056","0.180822676382611","","","","Transfer",""
"0x1cee1ab1ff5724b5179e21f99123229cf4e66430db951d2b072941df472f6f7b","12469044","1711727435","2024-03-29 15:50:35","0xb206987caa13fa414bf1340af55468824eaa0ff3","0x01cb9c83aec45b7cf6dd5ae6fe0ceb614bbdce70","","0","0","0","0.00003459040870167","0.120867317385398","","","","Approve",""
"0xfbf745a7dcad030b3efeaa5858a451b42c0896625396886dfd848cf660da9c72","12469050","1711727447","2024-03-29 15:50:47","0x8fe6570de67d681ece77c45726c37f4f2741d299","0x01cb9c83aec45b7cf6dd5ae6fe0ceb614bbdce70","","0","0","0","0.000039227412349757","0.137070138129274","","","","Transfer",""
"0xb8f18bf3433bfadb2bc5a76cd26e0c643f7459e136b32db59a7e05ab93510458","12469059","1711727465","2024-03-29 15:51:05","0x3e554c778c513a3b6c1fe75a284d982ac3e23873","0x01cb9c83aec45b7cf6dd5ae6fe0ceb614bbdce70","","0","0","0","0.000039258408728984","0.137178447031841","","","","Transfer",""
"0xb20eca70f4f68601ec3d0ec1ec39a8f331cb0052b06991c0f19c54c446013d6e","12469065","1711727477","2024-03-29 15:51:17","0x3550b2c5cba617e9e26199e69abc46b185d045bd","0x01cb9c83aec45b7cf6dd5ae6fe0ceb614bbdce70","","0","0","0","0.000039459484300877","0.137881054080403","","","","Approve",""
"0xd8da7fb0e34a31b6b225546dbe083612f317c5edea22b1ff573a50ae3e503b57","12469068","1711727483","2024-03-29 15:51:23","0x9c4a9ecbfa9dc073745e56bdf1d6425b6dafa808","0x01cb9c83aec45b7cf6dd5ae6fe0ceb614bbdce70","","0","0","0","0.000039397755102211","0.137665357217395","","","","Transfer",""
"0x7254e0e7364f16b4d84b24c14f8cf83e9fa8251f3e12764e4491f65db3e379b6","12469077","1711727501","2024-03-29 15:51:41","0x7c3afb806baf17bb99585cf74a96a3634b3d7e5c","0x01cb9c83aec45b7cf6dd5ae6fe0ceb614bbdce70","","0","0","0","0.000034698072788059","0.121243521940042","","","","Approve",""
"0xc4ab2a10b3d4f4070bc7040c3c0af68665580c2a677a5da1ebad2a28c96f030a","12469077","1711727501","2024-03-29 15:51:41","0xc5ebff1b8e833de1830cd3e211584da8aca0169d","0x01cb9c83aec45b7cf6dd5ae6fe0ceb614bbdce70","","0","0","0","0.000039263219284315","0.137195256284458","","","","Transfer",""
"0xc673b8c14493af71964e03e6b5c95b2c5246267a8878d4225f3479ccd321e1e2","12469082","1711727511","2024-03-29 15:51:51","0xcee40175716c1c2a3b999647e0752b7f8c60ca06","0x01cb9c83aec45b7cf6dd5ae6fe0ceb614bbdce70","","0","0","0","0.000034753374260241","0.121436758760334","","","","Approve",""
"0x0f5730e2f12a69661bf5e69f23f0c88a6fe19aabd79dc5998c4acb79a5c62887","12469086","1711727519","2024-03-29 15:51:59","0x3cc68c21358dd356cd6465ecf94e827e3a7ed5c3","0x01cb9c83aec45b7cf6dd5ae6fe0ceb614bbdce70","","0","0","0","0.000039455812589796","0.137868224227122","","","","Transfer",""
"0x4a6cec3f3610b478fe565558975e0c2452245d7353d6862389674c3da0c624ae","12469101","1711727549","2024-03-29 15:52:29","0x4324cb168efe22e6cdbbc67d5e349575a0712cb8","0x01cb9c83aec45b7cf6dd5ae6fe0ceb614bbdce70","","0","0","0","0.000039554809678427","0.138214144179528","","","","Approve",""
"0x7e6f53a093adf04a82dfa3b51e6a23e74bb34639e199c2523a641e25035895e0","12469103","1711727553","2024-03-29 15:52:33","0x6866dcda814db509109c2872563b8602e20d03cc","0x01cb9c83aec45b7cf6dd5ae6fe0ceb614bbdce70","","0","0","0","0.000034553802881297","0.120739407728494","","","","Approve",""
"0xf6734440cba83c7432c4a784aa3815b1e10f4750fddff47558d9ecae5563f985","12469110","1711727567","2024-03-29 15:52:47","0xc364a1ec8697e87991b2f4903ef398031d01a9b5","0x01cb9c83aec45b7cf6dd5ae6fe0ceb614bbdce70","","0","0","0","0.000034958133223803","0.122152236476998","","","","Approve",""
"0xb928fa32d04e0afd8637d3b2a292103e8e511bff23ea29ddfaf2535434e0e06b","12469111","1711727569","2024-03-29 15:52:49","0x082c4e03bebfd4bafac4084e14a8f5fa3e1fcb6e","0x01cb9c83aec45b7cf6dd5ae6fe0ceb614bbdce70","","0","0","0","0.000035016885229658","0.122357530302808","","","","Approve",""
"0x1b99c4d703f0e29f9a38157d8be194804f30ca503f531c152edb6bfeb376fc7a","12469113","1711727573","2024-03-29 15:52:53","0xf695cf8bfa69644f82b829058415472f01be1472","0x01cb9c83aec45b7cf6dd5ae6fe0ceb614bbdce70","","0","0","0","0.000034733539840147","0.12136745246305","","","","Approve",""
"0x7789e31f356b469ecd1b04af73552a218d924084f5a9da4ac6b19fa7885669a0","12469121","1711727589","2024-03-29 15:53:09","0xc7139f17a5bbceca38fcddb9128267b724cb39d6","0x01cb9c83aec45b7cf6dd5ae6fe0ceb614bbdce70","","0","0","0","0.000039730308933716","0.13882738134515","","","","Approve",""
"0xce656fdfd00338239d62be01095918c878dcb684b60ea45ecd250412960fd440","12469122","1711727591","2024-03-29 15:53:11","0x4fecfc5c56ffed0490cbff2da0ede2a640925632","0x01cb9c83aec45b7cf6dd5ae6fe0ceb614bbdce70","","0","0","0","0.000041588598687625","0.14532069859436","","","","Approve",""
"0x1bc65af34a354dc47c66775038c3c47b4f2701228a2bbc0752dab48a0651975e","12469126","1711727599","2024-03-29 15:53:19","0xec0afee7104df61a2b55581fe7c108be4bd71ec4","0x01cb9c83aec45b7cf6dd5ae6fe0ceb614bbdce70","","0","0","0","0.00004111218508712","0.143655993376344","","","","Approve",""
"0x57eb32cb96e5ebf7c922190c454254634f23b903fa6387be646e52ef87628a80","12469135","1711727617","2024-03-29 15:53:37","0x47022ba11dc0e4a472cb626f9b381469a216582d","0x01cb9c83aec45b7cf6dd5ae6fe0ceb614bbdce70","","0","0","0","0.000304513330227985","1.06404378306676","","","","Transfer",""
"0xb9c6e786f4330858c2112ad738c08c6c2496e5941202e680117261be9b5ac9c0","12469135","1711727617","2024-03-29 15:53:37","0xfc0667eef7fedda2ec9b5456e3fbf4c9489911bd","0x01cb9c83aec45b7cf6dd5ae6fe0ceb614bbdce70","","0","0","0","0.000304513330227985","1.06404378306676","","","","Transfer",""
"0xfe562ac9b1c09e5c62b346ebb9d502b046fcdbcdac52a5200f9fe53e44f973e7","12469135","1711727617","2024-03-29 15:53:37","0x180de00a007e064b92aa246eafa183516e4511bb","0x01cb9c83aec45b7cf6dd5ae6fe0ceb614bbdce70","","0","0","0","0.000304513330227985","1.06404378306676","","","","Transfer",""
"0xa9705b233d8bc5ba37278d29b56df418dac7f2b252e06ae25088dcc2e84e29c4","12469135","1711727617","2024-03-29 15:53:37","0x2a9dfa66367fbc6aca23c11dc2ed64e03e722412","0x01cb9c83aec45b7cf6dd5ae6fe0ceb614bbdce70","","0","0","0","0.000304513330227985","1.06404378306676","","","","Transfer",""
"0xe8d7f0c0b715809197a64b0cd2c1ac3183ac8b9b1b6eb2a4f57c26b7d7150010","12469143","1711727633","2024-03-29 15:53:53","0x2a9b047b4d18002d6dcef366a260a2102348fbc7","0x01cb9c83aec45b7cf6dd5ae6fe0ceb614bbdce70","","0","0","0","0.000268365580559503","0.93773473683287","","","","Approve",""
"0xc3afa92bd6b0baf92b1019c526989c400f741b420c05131baea3529ce9deda32","12469150","1711727647","2024-03-29 15:54:07","0x9b466b446aefe3229e340e6f855f55855b64dbae","0x01cb9c83aec45b7cf6dd5ae6fe0ceb614bbdce70","","0","0","0","0.000039901477385779","0.139425485628922","","","","Approve",""
"0x392ff40d8f17ce4a2f5bf6b3d6c5b09947792a893fb5e0b2c250b03e5085e91c","12469153","1711727653","2024-03-29 15:54:13","0xe91fb1e13e18447b0994ed09641823b918a2ecca","0x01cb9c83aec45b7cf6dd5ae6fe0ceb614bbdce70","","0","0","0","0.000035373517260284","0.12360368952594","","","","Approve",""
"0xafe23a716c17dae4c14ceacf9349a91f2046d05fe72e5b61366b5de1167b0b95","12469155","1711727657","2024-03-29 15:54:17","0xe91fb1e13e18447b0994ed09641823b918a2ecca","0x01cb9c83aec45b7cf6dd5ae6fe0ceb614bbdce70","","0","0","0","0.000035467318514876","0.123931453968034","","","","Approve",""
"0x6d09eb83c62fad03d80aae11b28726998d974f2ad09e9c67834148afbf087a4e","12469158","1711727663","2024-03-29 15:54:23","0x1d265bab26261c80392f8d3ece3e0be31dbdd5bf","0x01cb9c83aec45b7cf6dd5ae6fe0ceb614bbdce70","","0","0","0","0.000035404602921584","0.123712310401827","","","","Approve",""
"0xd352841cdf4c08e476c52db748b381e63e4315c29291a9ce96c7bcc086eb69ca","12469163","1711727673","2024-03-29 15:54:33","0xb6d48eedf6217a193c5dc24a0308fe20b788e3d1","0x01cb9c83aec45b7cf6dd5ae6fe0ceb614bbdce70","","0","0","0","0.000020531118143876","0.0717407300496322","","","","Approve",""
"0x3587b1ee74d0d66e666ddd2cc42d4eea5703bd6759f5a91f47b597d445325c84","12469169","1711727685","2024-03-29 15:54:45","0xb6d48eedf6217a193c5dc24a0308fe20b788e3d1","0x01cb9c83aec45b7cf6dd5ae6fe0ceb614bbdce70","","0","0","0","0.000022110101379773","0.0772580822603382","","","","Approve",""
"0x9b2ebf51c0231f1ce71623a0ef7dda68deefd6e179f6c55f285b15545f1859cc","12469170","1711727687","2024-03-29 15:54:47","0xf2b6c5d0122174945ebb44a22a4233219126890d","0x01cb9c83aec45b7cf6dd5ae6fe0ceb614bbdce70","","0","0","0","0.000082072017394616","0.286779629013635","","","","Approve",""
"0xb3c4ff4a4be05c744af17686a9140db8ad565397afddb089caacd1a09237f80c","12469184","1711727715","2024-03-29 15:55:15","0x4a7f29ef087930b88fedec1df7678bf8e6f875b1","0x01cb9c83aec45b7cf6dd5ae6fe0ceb614bbdce70","","0","0","0","0.000021005811342784","0.0733994237652208","","","","Approve",""
"0xcacbb316e1a37dca81d7403927bc876e576d2d6026611e3e5238d7be1f38529e","12469185","1711727717","2024-03-29 15:55:17","0x48f9fd0833290cd2424e395cca5c1aea2054cb17","0x01cb9c83aec45b7cf6dd5ae6fe0ceb614bbdce70","","0","0","0","0.000035413703081268","0.123744108577393","","","","Approve",""
"0xd6447b2a69f8bab77bd87fdd4f7401e2c0afc7445f7dc3a6b916711b8c61edda","12469193","1711727733","2024-03-29 15:55:33","0x6ce0b0d46f476dcb69d3312478ce227d9938a6f0","0x01cb9c83aec45b7cf6dd5ae6fe0ceb614bbdce70","","0","0","0","0.000042363447836409","0.14802821034421","","","","Approve",""
"0x20cd613ef543c94022b5414f4accb8771b7ba2af78f7bccf83a46a8aa4304990","12469226","1711727799","2024-03-29 15:56:39","0x33922d8ee4b3049c9784d6b5d8f397f481b98802","0x01cb9c83aec45b7cf6dd5ae6fe0ceb614bbdce70","","0","0","0","0.000042460573531611","0.148367591191933","","","","Approve",""
"0x683bcb9778ee7c84d0740fca646b715b84a49561aae0004e986f002b193f5dfe","12469228","1711727803","2024-03-29 15:56:43","0xec8bd3547bb458b738bf4b80b835e21e7555dc74","0x01cb9c83aec45b7cf6dd5ae6fe0ceb614bbdce70","","0","0","0","0.000037807168440902","0.132107459810646","","","","Approve",""
"0x27259d14dba77bf2ae8db1fac45a8d0b1c7b130c4fa3d1af0eb7550ae0df35cf","12469234","1711727815","2024-03-29 15:56:55","0x73c4cd74e20763dd90cfaa407ef2349931a8ba16","0x01cb9c83aec45b7cf6dd5ae6fe0ceb614bbdce70","","0","0","0","0.000037936124696054","0.132558064391665","","","","Approve",""
"0xa13fb68d29ae488066ff38f8197d8c292ab483b8011a532718c673d223776579","12469258","1711727863","2024-03-29 15:57:43","0xc6aa2f0ff6b8563ea418ec2558890d6027413699","0x01cb9c83aec45b7cf6dd5ae6fe0ceb614bbdce70","","0","0","0","0.000024322469080231","0.0849886341405058","","","","Reduce Sell Tax",""
"0x27d93d26defbbaad5973133689419637e63d8eeff3f97f843911bcacda776314","12469286","1711727919","2024-03-29 15:58:39","0xb0f98535334b28ec76e680a7770491d1d714e0de","0x01cb9c83aec45b7cf6dd5ae6fe0ceb614bbdce70","","0","0","0","0.000049054437048017","0.171408157185446","","","","Approve",""
"0x45c7a4d0ac37a95a897ea2cb66970a7e2095fa9e8f1114f9919171691540ad0c","12469292","1711727931","2024-03-29 15:58:51","0x14f9818d53563eaccdba99b221ec393fda9aa80e","0x01cb9c83aec45b7cf6dd5ae6fe0ceb614bbdce70","","0","0","0","0.000042401574566332","0.148161434429713","","","","Approve",""
"0xb45500a65c85450304f43b5012d79cc053ef63156817d0a25768e7124e0a4599","12469299","1711727945","2024-03-29 15:59:05","0xa5a69c2e2d332b5a63902f8e55738f910d7c23d9","0x01cb9c83aec45b7cf6dd5ae6fe0ceb614bbdce70","","0","0","0","0.000042552918558302","0.148690267218871","","","","Approve",""
"0xcdc5ec82e7f979976448fbf118ceee63265fc87074693d209aedf3b4452795f5","12469306","1711727959","2024-03-29 15:59:19","0xe91fb1e13e18447b0994ed09641823b918a2ecca","0x01cb9c83aec45b7cf6dd5ae6fe0ceb614bbdce70","","0","0","0","0.000048914629958883","0.17091963714624","","","","Approve",""
"0xaf5b51532a700cd890306dfdd210a647f9f981d9d1ecc1b09d9a25ba79e1ead9","12469307","1711727961","2024-03-29 15:59:21","0xc6aa2f0ff6b8563ea418ec2558890d6027413699","0x01cb9c83aec45b7cf6dd5ae6fe0ceb614bbdce70","","0","0","0","0.000022185251106763","0.0775206737197762","","","","Remove Tax",""
"0xe7da4fd4b519028e83a79e3184aef44e596decfc7aa7f5067b740eaa68040eb8","12469315","1711727977","2024-03-29 15:59:37","0xea67352d3e3566f5bd661289b6ad11c8eb1e0b25","0x01cb9c83aec45b7cf6dd5ae6fe0ceb614bbdce70","","0","0","0","0.000043163221671668","0.150822815022532","","","","Approve",""
"0x41d21d27a025ea690e6db91d7ce27425c8d36bf1c2c104b4d88abbdfb5c6b087","12469333","1711728013","2024-03-29 16:00:13","0x15719d37d81a0a490af6b143ffb3c84613d77a7b","0x01cb9c83aec45b7cf6dd5ae6fe0ceb614bbdce70","","0","0","0","0.000029750343176418","0.103954948958293","","","","Approve",""
"0x8ca2c356af7877cf0c5c61ed09fa005f24fe24b0cf1d67f8d20662c600babf59","12469334","1711728015","2024-03-29 16:00:15","0xc2afa4499ba702cc508e350a2e843661fc177dd5","0x01cb9c83aec45b7cf6dd5ae6fe0ceb614bbdce70","","0","0","0","0.000045284494188663","0.158235058132576","","","","Approve",""
"0xfef13315a50f2cbb52fb5159fa5d725ee6eb782901648f4c417348262402b8b4","12469372","1711728091","2024-03-29 16:01:31","0x938e793b7b0eed91cc9fd8bcd4982cbcc7b1d30d","0x01cb9c83aec45b7cf6dd5ae6fe0ceb614bbdce70","","0","0","0","0.000056112181085181","0.196069634762137","","","","Transfer",""
"0x96d7f483715d6a4578620900571f08d954bbc5ec4e7d9ac880e08b433e010ebf","12469393","1711728133","2024-03-29 16:02:13","0x938e793b7b0eed91cc9fd8bcd4982cbcc7b1d30d","0x01cb9c83aec45b7cf6dd5ae6fe0ceb614bbdce70","","0","0","0","0.000056647681040549","0.197940802102874","","","","Transfer",""
"0x7013dd1c5070a42b8ca473539c47ffdf6a22573c707272a18c3f84d7fdc96006","12469402","1711728151","2024-03-29 16:02:31","0x48f9fd0833290cd2424e395cca5c1aea2054cb17","0x01cb9c83aec45b7cf6dd5ae6fe0ceb614bbdce70","","0","0","0","0.000051302803995443","0.179264499207223","","","","Approve",""
"0x89907829fc82949a5fd66b83f6a8374bfb7350b723b12309106e610e118a30b0","12469451","1711728249","2024-03-29 16:04:09","0xb0f98535334b28ec76e680a7770491d1d714e0de","0x01cb9c83aec45b7cf6dd5ae6fe0ceb614bbdce70","","0","0","0","0.000038874104050018","0.135835592831826","","","","Approve",""
"0x67d87127fda8b3446f66caf12f68d7494a0d1bf9a049bd6f5488016b79b1cbf8","12469469","1711728285","2024-03-29 16:04:45","0x4626d54af96f386955ebfd9217bc80b02702971d","0x01cb9c83aec45b7cf6dd5ae6fe0ceb614bbdce70","","0","0","0","0.000051217092470138","0.178965002250654","","","","Approve",""
"0x16f083e99ff126e22b18088e9414bf86b65439cd63fccf47d5c4d93e7e0bce96","12469568","1711728483","2024-03-29 16:08:03","0xe91fb1e13e18447b0994ed09641823b918a2ecca","0x01cb9c83aec45b7cf6dd5ae6fe0ceb614bbdce70","","0","0","0","0.000048932322345181","0.170981458655446","","","","Approve",""
"0x359188c78b468c445c1e7459e463afc5abcd369132b0abc3bcc7ea4c93d8bf83","12469593","1711728533","2024-03-29 16:08:53","0x3adab0156a281c2a694b5ff95333856307bfa7a4","0x01cb9c83aec45b7cf6dd5ae6fe0ceb614bbdce70","","0","0","0","0.000053514968301591","0.186994340378106","","","","Approve",""
"0xf72fb8e2180b4418247cf3e6846d11f3822ea9c91403f03e5648e47d4042b327","12469614","1711728575","2024-03-29 16:09:35","0xe91fb1e13e18447b0994ed09641823b918a2ecca","0x01cb9c83aec45b7cf6dd5ae6fe0ceb614bbdce70","","0","0","0","0.000024574205064053","0.0858682610138497","","Error(0)","execution reverted","Withdraw Stuck ETH",""
